condition,params,t1_psnr,t1_ssim,t1_l1,oracle_psnr,oracle_ssim,oracle_l1,pred_psnr,pred_ssim,pred_l1,gap_psnr,gap_ssim
clean/-,-,25.35136604309082,0.8386666774749756,0.04153398051857948,80.0,1.0,0.0,78.30889129638672,0.9949702620506287,0.0012797090457752347,1.6911087036132812,0.005029737949371338
salt_pepper/low,p=0.03,25.31977653503418,0.8358055949211121,0.041674792766571045,25.551631927490234,0.837967574596405,0.039772190153598785,25.551631927490234,0.837967574596405,0.039772190153598785,0.0,0.0
salt_pepper/medium,p=0.08,25.186267852783203,0.8279913067817688,0.042287491261959076,25.475414276123047,0.8340080380439758,0.04016298055648804,25.475414276123047,0.8340080380439758,0.04016298055648804,0.0,0.0
salt_pepper/high,p=0.15,24.871767044067383,0.8127477765083313,0.04372326657176018,25.270858764648438,0.8243880271911621,0.04115281626582146,25.270858764648438,0.8243880271911621,0.04115281626582146,0.0,0.0
blur/low,"k=3,sigma=0.7",25.471433639526367,0.8344208598136902,0.041231635957956314,25.90378189086914,0.8377218842506409,0.03788755089044571,25.905433654785156,0.8377984166145325,0.03787435218691826,-0.001651763916015625,-7.653236389160156e-05
blur/medium,"k=5,sigma=1.5",25.27713966369629,0.8183488845825195,0.041851989924907684,26.107973098754883,0.8322890996932983,0.03723428398370743,26.107973098754883,0.8322890996932983,0.03723428398370743,0.0,0.0
blur/high,"k=7,sigma=2.5",23.891845703125,0.7325963377952576,0.04808232933282852,24.730562210083008,0.7497844099998474,0.0426618792116642,24.730562210083008,0.7497844099998474,0.0426618792116642,0.0,0.0
occlusion/low,"1 rect, ~10%",22.822677612304688,0.7863277792930603,0.04952485114336014,23.252887725830078,0.78639817237854,0.04641889035701752,23.266611099243164,0.786581814289093,0.04634472355246544,-0.013723373413085938,-0.00018364191055297852
occlusion/medium,"2 rect, ~20%",21.18453598022461,0.7352453470230103,0.057516708970069885,21.745878219604492,0.7398328185081482,0.05298779532313347,21.745878219604492,0.7398328185081482,0.05298779532313347,0.0,0.0
occlusion/high,"3 rect, ~35%",19.277923583984375,0.6564323306083679,0.07111772149801254,19.977386474609375,0.6671960949897766,0.06433642655611038,19.977386474609375,0.6671960949897766,0.06433642655611038,0.0,0.0
