condition,params,w_identity,w_salt,w_blur,w_occlusion
clean/-,-,0.8941973447799683,0.0002045760047622025,0.01632865145802498,0.08926939964294434
salt_pepper/low,p=0.03,0.09081360697746277,0.8675100803375244,0.03665343299508095,0.00502283638343215
salt_pepper/medium,p=0.08,0.030024662613868713,0.9465237259864807,0.022506775334477425,0.0009448017808608711
salt_pepper/high,p=0.15,0.009314588271081448,0.9774693846702576,0.013097340241074562,0.00011869838635902852
blur/low,"k=3,sigma=0.7",0.39322251081466675,5.715114457416348e-05,0.5835195183753967,0.02320084162056446
blur/medium,"k=5,sigma=1.5",0.1595143973827362,3.7500915368582355e-06,0.8294578194618225,0.011024011299014091
blur/high,"k=7,sigma=2.5",0.10222159326076508,1.5992814041965175e-06,0.8896695971488953,0.008107245899736881
occlusion/low,"1 rect, ~10%",0.5796527862548828,0.00014147230831440538,0.0034019474405795336,0.4168038070201874
occlusion/medium,"2 rect, ~20%",0.2567973732948303,9.077628783416003e-05,0.0008560101268813014,0.7422558665275574
occlusion/high,"3 rect, ~35%",0.08483755588531494,5.0832088163588196e-05,0.0002945474989246577,0.9148170948028564
